-- MySQL dump 10.13  Distrib 8.0.43, for Win64 (x86_64)
--
-- Host: localhost    Database: gdb041
-- ------------------------------------------------------
-- Server version	8.0.43

/*!40101 SET @OLD_CHARACTER_SET_CLIENT=@@CHARACTER_SET_CLIENT */;
/*!40101 SET @OLD_CHARACTER_SET_RESULTS=@@CHARACTER_SET_RESULTS */;
/*!40101 SET @OLD_COLLATION_CONNECTION=@@COLLATION_CONNECTION */;
/*!50503 SET NAMES utf8 */;
/*!40103 SET @OLD_TIME_ZONE=@@TIME_ZONE */;
/*!40103 SET TIME_ZONE='+00:00' */;
/*!40014 SET @OLD_UNIQUE_CHECKS=@@UNIQUE_CHECKS, UNIQUE_CHECKS=0 */;
/*!40014 SET @OLD_FOREIGN_KEY_CHECKS=@@FOREIGN_KEY_CHECKS, FOREIGN_KEY_CHECKS=0 */;
/*!40101 SET @OLD_SQL_MODE=@@SQL_MODE, SQL_MODE='NO_AUTO_VALUE_ON_ZERO' */;
/*!40111 SET @OLD_SQL_NOTES=@@SQL_NOTES, SQL_NOTES=0 */;

--
-- Table structure for table `dim_customer`
--

DROP TABLE IF EXISTS `dim_customer`;
/*!40101 SET @saved_cs_client     = @@character_set_client */;
/*!50503 SET character_set_client = utf8mb4 */;
CREATE TABLE `dim_customer` (
  `customer` varchar(255) NOT NULL,
  `market` varchar(255) NOT NULL,
  `platform` varchar(255) NOT NULL,
  `channel` varchar(255) NOT NULL,
  `customer_code` varchar(255) NOT NULL
) ENGINE=InnoDB DEFAULT CHARSET=latin1;
/*!40101 SET character_set_client = @saved_cs_client */;

--
-- Dumping data for table `dim_customer`
--

LOCK TABLES `dim_customer` WRITE;
/*!40000 ALTER TABLE `dim_customer` DISABLE KEYS */;
INSERT INTO `dim_customer` VALUES ('Electricalsocity','India','Brick & Mortar','Retailer','90002012'),('Electricalslytical','India','Brick & Mortar','Retailer','90002013'),('Ebay','India','E-Commerce','Retailer','90002010'),('Atliq Exclusive','India','Brick & Mortar','Retailer','90002011'),('Expression','India','Brick & Mortar','Retailer','90002014'),('AltiQ Exclusive','India','Brick & Mortar','Direct','70002017'),('Atliq e Store','India','E-Commerce','Direct','70002018'),('Propel','India','Brick & Mortar','Retailer','90002015'),('Amazon ','India','E-Commerce','Retailer','90002016'),('Ezone','India','Brick & Mortar','Retailer','90002003'),('Vijay Sales','India','Brick & Mortar','Retailer','90002004'),('Reliance Digital','India','Brick & Mortar','Retailer','90002001'),('Croma','India','Brick & Mortar','Retailer','90002002'),('Lotus','India','Brick & Mortar','Retailer','90002005'),('Amazon','India','E-Commerce','Retailer','90002008'),('Flipkart','India','E-Commerce','Retailer','90002009'),('Viveks','India','Brick & Mortar','Retailer','90002006'),('Girias','India','Brick & Mortar','Retailer','90002007'),('Amazon ','USA','E-Commerce','Retailer','90022082'),('Amazon','USA','E-Commerce','Retailer','90022081'),('Staples','USA','Brick & Mortar','Retailer','90022080'),('Ebay','USA','E-Commerce','Retailer','90022083'),('Costco','USA','Brick & Mortar','Retailer','90022078'),('Atliq e Store','USA','E-Commerce','Direct','70022085'),('AltiQ Exclusive','USA','Brick & Mortar','Direct','70022084'),('walmart','USA','Brick & Mortar','Retailer','90022079'),('BestBuy','USA','Brick & Mortar','Retailer','90022075'),('Circuit City','USA','Brick & Mortar','Retailer','90022076'),('Radio Shack','USA','Brick & Mortar','Retailer','90022077'),('Flipkart','USA','E-Commerce','Retailer','90022074'),('Acclaimed Stores','USA','Brick & Mortar','Retailer','90022071'),('Path','USA','Brick & Mortar','Retailer','90022072'),('Control','USA','Brick & Mortar','Retailer','90022073'),('Info Stores','Portugal','Brick & Mortar','Retailer','90017053'),('Flawless Stores','Portugal','Brick & Mortar','Retailer','90017054'),('Electricalslance Stores','Portugal','Brick & Mortar','Retailer','90017055'),('Electricalsara Stores','Portugal','Brick & Mortar','Retailer','90017050'),('Forward Stores','Portugal','Brick & Mortar','Retailer','90017051'),('Power','Portugal','Brick & Mortar','Retailer','90017052'),('Premium Stores','Portugal','Brick & Mortar','Retailer','90017049'),('Atliq e Store','Portugal','E-Commerce','Direct','70017060'),('Sorefoz','Portugal','Brick & Mortar','Retailer','90017056'),('Amazon ','Portugal','E-Commerce','Retailer','90017059'),('Euronics','Portugal','Brick & Mortar','Retailer','90017057'),('Mbit','Portugal','Brick & Mortar','Retailer','90017058'),('Elkjøp','Spain','Brick & Mortar','Retailer','90018113'),('Electricalsquipo Stores','United Kingdom','Brick & Mortar','Retailer','90021086'),('Amazon ','Spain','E-Commerce','Retailer','90018114'),('Amazon ','Italy','E-Commerce','Retailer','90013124'),('Expert','Italy','Brick & Mortar','Retailer','90013123'),('Radio Popular','Italy','Brick & Mortar','Retailer','90013122'),('Flipkart','Spain','E-Commerce','Retailer','90018106'),('Atliq e Store','Italy','E-Commerce','Direct','70013126'),('AltiQ Exclusive','Italy','Brick & Mortar','Direct','70013125'),('Boulanger','Italy','Brick & Mortar','Retailer','90013121'),('Euronics','Italy','Brick & Mortar','Retailer','90013117'),('Unity Stores','Italy','Brick & Mortar','Retailer','90013116'),('Atliq e Store','Spain','E-Commerce','Direct','70018115'),('Coolblue','Italy','Brick & Mortar','Retailer','90013120'),('Argos (Sainsbury\'s)','Italy','Brick & Mortar','Retailer','90013119'),('Fnac-Darty','Italy','Brick & Mortar','Retailer','90013118'),('Logic Stores','United Kingdom','Brick & Mortar','Retailer','90021087'),('Integration Stores','Spain','Brick & Mortar','Retailer','90018105'),('Euronics','Spain','Brick & Mortar','Retailer','90018112'),('Amazon ','United Kingdom','E-Commerce','Retailer','90021095'),('Atliq e Store','United Kingdom','E-Commerce','Direct','70021096'),('Chiptec','Spain','Brick & Mortar','Retailer','90018109'),('Boulanger','Spain','Brick & Mortar','Retailer','90018110'),('Elite','Spain','Brick & Mortar','Retailer','90018107'),('Relief','Spain','Brick & Mortar','Retailer','90018108'),('Atlas Stores','United Kingdom','Brick & Mortar','Retailer','90021089'),('Radio Popular','United Kingdom','Brick & Mortar','Retailer','90021090'),('Electricalslytical','United Kingdom','Brick & Mortar','Retailer','90021088'),('Media Markt','Spain','Brick & Mortar','Retailer','90018111'),('Chip 7','United Kingdom','Brick & Mortar','Retailer','90021093'),('Coolblue','United Kingdom','Brick & Mortar','Retailer','90021094'),('Expert','United Kingdom','Brick & Mortar','Retailer','90021091'),('UniEuro','United Kingdom','Brick & Mortar','Retailer','90021092'),('Notebillig','Germany','Brick & Mortar','Retailer','90012035'),('Atliq e Store','Germany','E-Commerce','Direct','70012043'),('Otto','Germany','Brick & Mortar','Retailer','90012034'),('Atliq e Store','Canada','E-Commerce','Direct','70023032'),('Digimarket','Germany','Brick & Mortar','Retailer','90012033'),('AltiQ Exclusive','Germany','Brick & Mortar','Direct','70012042'),('Currys (Dixons Carphone)','Germany','Brick & Mortar','Retailer','90012039'),('Fnac-Darty','Germany','Brick & Mortar','Retailer','90012040'),('Saturn','Germany','Brick & Mortar','Retailer','90012037'),('Amazon ','Germany','E-Commerce','Retailer','90012041'),('Billa','Germany','Brick & Mortar','Retailer','90012036'),('Sage','Canada','Brick & Mortar','Retailer','90023024'),('Premium Stores','Canada','Brick & Mortar','Retailer','90023025'),('Amazon','Canada','E-Commerce','Retailer','90023023'),('Expert','Germany','Brick & Mortar','Retailer','90012038'),('Nomad Stores','Canada','Brick & Mortar','Retailer','90023022'),('Relief','Canada','Brick & Mortar','Retailer','90023026'),('Amazon ','Canada','E-Commerce','Retailer','90023030'),('AltiQ Exclusive','Canada','Brick & Mortar','Direct','70023031'),('Staples','Canada','Brick & Mortar','Retailer','90023029'),('Costco','Canada','Brick & Mortar','Retailer','90023027'),('walmart','Canada','Brick & Mortar','Retailer','90023028'),('Atliq e Store','Japan','E-Commerce','Direct','70004070'),('Flawless Stores','Japan','Brick & Mortar','Retailer','90004062'),('Electricalsbea Stores','Japan','Brick & Mortar','Retailer','90004063'),('Info Stores','Japan','Brick & Mortar','Retailer','90004061'),('AltiQ Exclusive','France','Brick & Mortar','Direct','70011193'),('Atliq e Store','France','E-Commerce','Direct','70011194'),('Amazon ','Japan','E-Commerce','Retailer','90004068'),('AltiQ Exclusive','Japan','Brick & Mortar','Direct','70004069'),('Amazon','Japan','E-Commerce','Retailer','90004067'),('All-Out','Japan','Brick & Mortar','Retailer','90004064'),('Surface Stores','Japan','Brick & Mortar','Retailer','90004066'),('Amazon ','France','E-Commerce','Retailer','90011192'),('Elite','France','Brick & Mortar','Retailer','90011186'),('Chip 7','France','Brick & Mortar','Retailer','90011187'),('Neptune','Japan','Brick & Mortar','Retailer','90004065'),('Epic Stores','France','Brick & Mortar','Retailer','90011185'),('Media Markt','France','Brick & Mortar','Retailer','90011190'),('Sorefoz','France','Brick & Mortar','Retailer','90011191'),('Elkjøp','France','Brick & Mortar','Retailer','90011188'),('UniEuro','France','Brick & Mortar','Retailer','90011189'),('Amazon ','Netherlands','E-Commerce','Retailer','90014141'),('AltiQ Exclusive','Netherlands','Brick & Mortar','Direct','70014142'),('Sound','Norway','Brick & Mortar','Retailer','90015144'),('Atliq e Store','Netherlands','E-Commerce','Direct','70014143'),('Mbit','Netherlands','Brick & Mortar','Retailer','90014138'),('Elkjøp','Netherlands','Brick & Mortar','Retailer','90014139'),('Radio Popular','Netherlands','Brick & Mortar','Retailer','90014140'),('Media Markt','Netherlands','Brick & Mortar','Retailer','90014137'),('Atliq e Store','Norway','E-Commerce','Direct','70015152'),('UniEuro','Norway','Brick & Mortar','Retailer','90015149'),('AltiQ Exclusive','Norway','Brick & Mortar','Direct','70015151'),('Amazon ','Norway','E-Commerce','Retailer','90015150'),('Mbit','Norway','Brick & Mortar','Retailer','90015146'),('Synthetic','Norway','Brick & Mortar','Retailer','90015145'),('Boulanger','Norway','Brick & Mortar','Retailer','90015148'),('Chiptec','Norway','Brick & Mortar','Retailer','90015147'),('Electricalslance Stores','Netherlands','Brick & Mortar','Retailer','90014135'),('Reliance Digital','Netherlands','Brick & Mortar','Retailer','90014136'),('Currys (Dixons Carphone)','Poland','Brick & Mortar','Retailer','90016174'),('Argos (Sainsbury\'s)','Poland','Brick & Mortar','Retailer','90016175'),('Amazon ','Poland','E-Commerce','Retailer','90016176'),('Electricalsara Stores','Poland','Brick & Mortar','Retailer','90016171'),('Power','Poland','Brick & Mortar','Retailer','90016172'),('Expert','Poland','Brick & Mortar','Retailer','90016173'),('AltiQ Exclusive','Poland','Brick & Mortar','Direct','70016177'),('Integration Stores','Austria','Brick & Mortar','Retailer','90020099'),('Electricalsquipo Stores','Austria','Brick & Mortar','Retailer','90020098'),('Atlas Stores','Austria','Brick & Mortar','Retailer','90020097'),('Atliq e Store','Poland','E-Commerce','Direct','70016178'),('Euronics','Austria','Brick & Mortar','Retailer','90020101'),('Nova','Austria','Brick & Mortar','Retailer','90020100'),('Fnac-Darty','Austria','Brick & Mortar','Retailer','90020102'),('Epic Stores','Newzealand','Brick & Mortar','Retailer','90009127'),('Propel','Newzealand','Brick & Mortar','Retailer','90009128'),('AltiQ Exclusive','Newzealand','Brick & Mortar','Direct','70009133'),('Amazon ','Austria','E-Commerce','Retailer','90020103'),('Atliq e Store','Austria','E-Commerce','Direct','70020104'),('Logic Stores','Newzealand','Brick & Mortar','Retailer','90009130'),('Atliq e Store','Newzealand','E-Commerce','Direct','70009134'),('Path','Newzealand','Brick & Mortar','Retailer','90009131'),('Leader','Newzealand','Brick & Mortar','Retailer','90009129'),('Amazon ','Newzealand','E-Commerce','Retailer','90009132'),('Atliq e Store','Australia','E-Commerce','Direct','70008170'),('Amazon ','Australia','E-Commerce','Retailer','90008168'),('AltiQ Exclusive','Australia','Brick & Mortar','Direct','70008169'),('Sound','Australia','Brick & Mortar','Retailer','90008166'),('Electricalsocity','Australia','Brick & Mortar','Retailer','90008167'),('Digimarket','Australia','Brick & Mortar','Retailer','90008164'),('Forward Stores','Australia','Brick & Mortar','Retailer','90008165'),('Amazon ','Philiphines','E-Commerce','Retailer','90006156'),('AltiQ Exclusive','Philiphines','Brick & Mortar','Direct','70006157'),('Atliq e Store','Philiphines','E-Commerce','Direct','70006158'),('Novus','Philiphines','Brick & Mortar','Distributor','80006155'),('Insight','Philiphines','Brick & Mortar','Retailer','90006153'),('Synthetic','Philiphines','Brick & Mortar','Distributor','80006154'),('Leader','South Korea','Brick & Mortar','Distributor','80007196'),('Surface Stores','Bangladesh','Brick & Mortar','Retailer','90010044'),('Amazon ','Bangladesh','E-Commerce','Retailer','90010046'),('Control','Bangladesh','Brick & Mortar','Retailer','90010045'),('Sage','South Korea','Brick & Mortar','Distributor','80007195'),('Atliq e Store','Bangladesh','E-Commerce','Direct','70010048'),('AltiQ Exclusive','Bangladesh','Brick & Mortar','Direct','70010047'),('Amazon ','South Korea','E-Commerce','Retailer','90007197'),('Amazon ','Pakistan','E-Commerce','Retailer','90005162'),('Atliq e Store','Pakistan','E-Commerce','Direct','70005163'),('Atliq e Store','Sweden','E-Commerce','Direct','70019204'),('Expression','Pakistan','Brick & Mortar','Retailer','90005159'),('Nomad Stores','Pakistan','Brick & Mortar','Retailer','90005160'),('Zone','Pakistan','Brick & Mortar','Retailer','90005161'),('Sorefoz','Sweden','Brick & Mortar','Retailer','90019200'),('Atliq e Store','South Korea','E-Commerce','Direct','70007199'),('AltiQ Exclusive','South Korea','Brick & Mortar','Direct','70007198'),('Amazon ','Sweden','E-Commerce','Retailer','90019203'),('Argos (Sainsbury\'s)','Sweden','Brick & Mortar','Retailer','90019202'),('Expert','Sweden','Brick & Mortar','Retailer','90019201'),('AltiQ Exclusive','Indonesia','Brick & Mortar','Direct','70003181'),('Acclaimed Stores','Indonesia','Brick & Mortar','Retailer','90003179'),('Atliq e Store','Indonesia','E-Commerce','Direct','70003182'),('Amazon ','Indonesia','E-Commerce','Retailer','90003180'),('Taobao','China','E-Commerce','Retailer','90001021'),('Zone','China','Brick & Mortar','Retailer','90001020'),('Neptune','China','Brick & Mortar','Distributor','80001019'),('Atliq e Store','Mexico','E-Commerce','Direct','70026206'),('Atliq e Store','Brazil','E-Commerce','Direct','70027208'),('Amazon ','Brazil','E-Commerce','Retailer','90027207'),('Electricalsbea Stores','Chile','Brick & Mortar','Retailer','90024183'),('Amazon ','Chile','E-Commerce','Retailer','90024184'),('Amazon ','Mexico','E-Commerce','Retailer','90026205'),('Electricalsbea Stores','Columbia','Brick & Mortar','Retailer','90025209');
/*!40000 ALTER TABLE `dim_customer` ENABLE KEYS */;
UNLOCK TABLES;

--
-- Table structure for table `dim_market`
--

DROP TABLE IF EXISTS `dim_market`;
/*!40101 SET @saved_cs_client     = @@character_set_client */;
/*!50503 SET character_set_client = utf8mb4 */;
CREATE TABLE `dim_market` (
  `market` varchar(255) NOT NULL,
  `sub_zone` varchar(255) NOT NULL,
  `region` varchar(255) NOT NULL
) ENGINE=InnoDB DEFAULT CHARSET=latin1;
/*!40101 SET character_set_client = @saved_cs_client */;

--
-- Dumping data for table `dim_market`
--

LOCK TABLES `dim_market` WRITE;
/*!40000 ALTER TABLE `dim_market` DISABLE KEYS */;
INSERT INTO `dim_market` VALUES ('China','ROA','APAC'),('India','India','APAC'),('Indonesia','ROA','APAC'),('Japan','ROA','APAC'),('Pakistan','ROA','APAC'),('Philiphines','ROA','APAC'),('South Korea','ROA','APAC'),('Australia','ANZ','APAC'),('Newzealand','ANZ','APAC'),('Bangladesh','ROA','APAC'),('France','SE','EU'),('Germany','NE','EU'),('Italy','SE','EU'),('Netherlands','NE','EU'),('Norway','NE','EU'),('Poland','NE','EU'),('Portugal','SE','EU'),('Spain','SE','EU'),('Sweden','NE','EU'),('Austria','NE','EU'),('United Kingdom','NE','EU'),('USA','nan','nan'),('Canada','nan','nan'),('Chile','LATAM','LATAM'),('Columbia','LATAM','LATAM'),('Mexico','LATAM','LATAM'),('Brazil','LATAM','LATAM');
/*!40000 ALTER TABLE `dim_market` ENABLE KEYS */;
UNLOCK TABLES;

--
-- Table structure for table `dim_product`
--

DROP TABLE IF EXISTS `dim_product`;
/*!40101 SET @saved_cs_client     = @@character_set_client */;
/*!50503 SET character_set_client = utf8mb4 */;
CREATE TABLE `dim_product` (
  `product_code` varchar(255) NOT NULL,
  `division` varchar(255) NOT NULL,
  `segment` varchar(255) NOT NULL,
  `category` varchar(255) NOT NULL,
  `product` varchar(255) NOT NULL,
  `variant` varchar(255) NOT NULL
) ENGINE=InnoDB DEFAULT CHARSET=latin1;
/*!40101 SET character_set_client = @saved_cs_client */;

--
-- Dumping data for table `dim_product`
--

LOCK TABLES `dim_product` WRITE;
/*!40000 ALTER TABLE `dim_product` DISABLE KEYS */;
INSERT INTO `dim_product` VALUES ('A0118150101','P & A','Peripherals','Internal HDD','AQ Dracula HDD – 3.5 Inch SATA 6 Gb/s 5400 RPM 256 MB Cache','Standard'),('A0118150102','P & A','Peripherals','Internal HDD','AQ Dracula HDD – 3.5 Inch SATA 6 Gb/s 5400 RPM 256 MB Cache','Plus'),('A0118150103','P & A','Peripherals','Internal HDD','AQ Dracula HDD – 3.5 Inch SATA 6 Gb/s 5400 RPM 256 MB Cache','Premium'),('A0118150104','P & A','Peripherals','Internal HDD','AQ Dracula HDD – 3.5 Inch SATA 6 Gb/s 5400 RPM 256 MB Cache','Premium Plus'),('A0219150201','P & A','Peripherals','Internal HDD','AQ WereWolf NAS Internal Hard Drive HDD – 8.89 cm','Standard'),('A0219150202','P & A','Peripherals','Internal HDD','AQ WereWolf NAS Internal Hard Drive HDD – 8.89 cm','Plus'),('A0220150203','P & A','Peripherals','Internal HDD','AQ WereWolf NAS Internal Hard Drive HDD – 8.89 cm','Premium'),('A0320150301','P & A','Peripherals','Internal HDD','AQ Zion Saga','Standard'),('A0321150302','P & A','Peripherals','Internal HDD','AQ Zion Saga','Plus'),('A0321150303','P & A','Peripherals','Internal HDD','AQ Zion Saga','Premium'),('A0418150101','P & A','Peripherals','Graphic Card','AQ Mforce Gen X','Standard 1'),('A0418150102','P & A','Peripherals','Graphic Card','AQ Mforce Gen X','Standard 2'),('A0418150103','P & A','Peripherals','Graphic Card','AQ Mforce Gen X','Standard 3'),('A0418150104','P & A','Peripherals','Graphic Card','AQ Mforce Gen X','Plus 1'),('A0418150105','P & A','Peripherals','Graphic Card','AQ Mforce Gen X','Plus 2'),('A0418150106','P & A','Peripherals','Graphic Card','AQ Mforce Gen X','Plus 3'),('A0418150107','P & A','Peripherals','Graphic Card','AQ Mforce Gen X','Premium 1'),('A0418150108','P & A','Peripherals','Graphic Card','AQ Mforce Gen X','Premium 2'),('A0519150201','P & A','Peripherals','Graphic Card','AQ Mforce Gen Y','Standard 1'),('A0519150202','P & A','Peripherals','Graphic Card','AQ Mforce Gen Y','Standard 2'),('A0519150203','P & A','Peripherals','Graphic Card','AQ Mforce Gen Y','Standard 3'),('A0519150204','P & A','Peripherals','Graphic Card','AQ Mforce Gen Y','Plus 1'),('A0519150205','P & A','Peripherals','Graphic Card','AQ Mforce Gen Y','Plus 2'),('A0519150206','P & A','Peripherals','Graphic Card','AQ Mforce Gen Y','Plus 3'),('A0519150207','P & A','Peripherals','Graphic Card','AQ Mforce Gen Y','Premium 1'),('A0519150208','P & A','Peripherals','Graphic Card','AQ Mforce Gen Y','Premium 2'),('A0619150301','P & A','Peripherals','Graphic Card','AQ Mforce Gen Z','Standard 1'),('A0619150302','P & A','Peripherals','Graphic Card','AQ Mforce Gen Z','Standard 2'),('A0620150303','P & A','Peripherals','Graphic Card','AQ Mforce Gen Z','Standard 3'),('A0620150304','P & A','Peripherals','Graphic Card','AQ Mforce Gen Z','Plus 1'),('A0620150305','P & A','Peripherals','Graphic Card','AQ Mforce Gen Z','Plus 2'),('A0620150306','P & A','Peripherals','Graphic Card','AQ Mforce Gen Z','Plus 3'),('A0621150307','P & A','Peripherals','Graphic Card','AQ Mforce Gen Z','Premium 1'),('A0621150308','P & A','Peripherals','Graphic Card','AQ Mforce Gen Z','Premium 2'),('A0721150401','P & A','Peripherals','Graphic Card','AQ GT 21','Standard'),('A0721150402','P & A','Peripherals','Graphic Card','AQ GT 21','Plus 1'),('A0721150403','P & A','Peripherals','Graphic Card','AQ GT 21','Plus 2'),('A0721150404','P & A','Peripherals','Graphic Card','AQ GT 21','Premium'),('A0821150501','P & A','Peripherals','Graphic Card','AQ Marquee P3','Standard'),('A0821150502','P & A','Peripherals','Graphic Card','AQ Marquee P3','Plus 1'),('A0821150503','P & A','Peripherals','Graphic Card','AQ Marquee P3','Plus 2'),('A0821150504','P & A','Peripherals','Graphic Card','AQ Marquee P3','Premium'),('A0921150601','P & A','Peripherals','Graphic Card','AQ Marquee P4','Standard'),('A0921150602','P & A','Peripherals','Graphic Card','AQ Marquee P4','Plus 1'),('A0921150603','P & A','Peripherals','Graphic Card','AQ Marquee P4','Plus 2'),('A0921150604','P & A','Peripherals','Graphic Card','AQ Marquee P4','Premium'),('A1018150101','P & A','Peripherals','Processors','AQ 5000 Series Electron 9 5900X Desktop Processor','Standard'),('A1018150102','P & A','Peripherals','Processors','AQ 5000 Series Electron 9 5900X Desktop Processor','Plus'),('A1018150103','P & A','Peripherals','Processors','AQ 5000 Series Electron 9 5900X Desktop Processor','Premium'),('A1118150201','P & A','Peripherals','Processors','AQ 5000 Series Electron 8 5900X Desktop Processor','Standard'),('A1118150202','P & A','Peripherals','Processors','AQ 5000 Series Electron 8 5900X Desktop Processor','Plus'),('A1119150203','P & A','Peripherals','Processors','AQ 5000 Series Electron 8 5900X Desktop Processor','Premium'),('A1219150301','P & A','Peripherals','Processors','AQ 5000 Series Ultron 8 5900X Desktop Processor','Standard'),('A1219150302','P & A','Peripherals','Processors','AQ 5000 Series Ultron 8 5900X Desktop Processor','Plus'),('A1219150303','P & A','Peripherals','Processors','AQ 5000 Series Ultron 8 5900X Desktop Processor','Premium'),('A1319150401','P & A','Peripherals','Processors','AQ Electron 5 3600 Desktop Processor','Standard'),('A1320150402','P & A','Peripherals','Processors','AQ Electron 5 3600 Desktop Processor','Plus'),('A1320150403','P & A','Peripherals','Processors','AQ Electron 5 3600 Desktop Processor','Premium'),('A1420150501','P & A','Peripherals','Processors','AQ Electron 4 3600 Desktop Processor','Standard'),('A1420150502','P & A','Peripherals','Processors','AQ Electron 4 3600 Desktop Processor','Plus'),('A1421150503','P & A','Peripherals','Processors','AQ Electron 4 3600 Desktop Processor','Premium'),('A1521150601','P & A','Peripherals','Processors','AQ Electron 3 3600 Desktop Processor','Standard'),('A1521150602','P & A','Peripherals','Processors','AQ Electron 3 3600 Desktop Processor','Plus'),('A1521150603','P & A','Peripherals','Processors','AQ Electron 3 3600 Desktop Processor','Premium'),('A1618150101','P & A','Peripherals','MotherBoard','AQ MB Elite','Standard'),('A1618150102','P & A','Peripherals','MotherBoard','AQ MB Elite','Plus 1'),('A1618150103','P & A','Peripherals','MotherBoard','AQ MB Elite','Plus 2'),('A1618150104','P & A','Peripherals','MotherBoard','AQ MB Elite','Premium'),('A1718150201','P & A','Peripherals','MotherBoard','AQ MB Crossx','Standard'),('A1718150202','P & A','Peripherals','MotherBoard','AQ MB Crossx','Plus 1'),('A1718150203','P & A','Peripherals','MotherBoard','AQ MB Crossx','Plus 2'),('A1718150204','P & A','Peripherals','MotherBoard','AQ MB Crossx','Premium'),('A1819150301','P & A','Peripherals','MotherBoard','AQ MB Crossx 2','Standard'),('A1819150302','P & A','Peripherals','MotherBoard','AQ MB Crossx 2','Plus 1'),('A1819150303','P & A','Peripherals','MotherBoard','AQ MB Crossx 2','Plus 2'),('A1819150304','P & A','Peripherals','MotherBoard','AQ MB Crossx 2','Premium'),('A1919150401','P & A','Peripherals','MotherBoard','AQ MB Lito','Standard'),('A1919150402','P & A','Peripherals','MotherBoard','AQ MB Lito','Plus 1'),('A1919150403','P & A','Peripherals','MotherBoard','AQ MB Lito','Plus 2'),('A1920150404','P & A','Peripherals','MotherBoard','AQ MB Lito','Premium'),('A2020150501','P & A','Peripherals','MotherBoard','AQ MB Lito 2','Standard'),('A2020150502','P & A','Peripherals','MotherBoard','AQ MB Lito 2','Plus 1'),('A2021150503','P & A','Peripherals','MotherBoard','AQ MB Lito 2','Plus 2'),('A2021150504','P & A','Peripherals','MotherBoard','AQ MB Lito 2','Premium'),('A2118150101','P & A','Accessories','Mouse','AQ Master wired x1 Ms','Standard 1'),('A2118150102','P & A','Accessories','Mouse','AQ Master wired x1 Ms','Standard 2'),('A2118150103','P & A','Accessories','Mouse','AQ Master wired x1 Ms','Plus 1'),('A2118150104','P & A','Accessories','Mouse','AQ Master wired x1 Ms','Plus 2'),('A2118150105','P & A','Accessories','Mouse','AQ Master wired x1 Ms','Premium 1'),('A2118150106','P & A','Accessories','Mouse','AQ Master wired x1 Ms','Premium 2'),('A2218150201','P & A','Accessories','Mouse','AQ Master wireless x1 Ms','Standard 1'),('A2218150202','P & A','Accessories','Mouse','AQ Master wireless x1 Ms','Standard 2'),('A2219150203','P & A','Accessories','Mouse','AQ Master wireless x1 Ms','Plus 1'),('A2219150204','P & A','Accessories','Mouse','AQ Master wireless x1 Ms','Plus 2'),('A2219150205','P & A','Accessories','Mouse','AQ Master wireless x1 Ms','Premium 1'),('A2219150206','P & A','Accessories','Mouse','AQ Master wireless x1 Ms','Premium 2'),('A2319150301','P & A','Accessories','Mouse','AQ Gamers Ms','Standard 1'),('A2319150302','P & A','Accessories','Mouse','AQ Gamers Ms','Standard 2'),('A2319150303','P & A','Accessories','Mouse','AQ Gamers Ms','Plus 1'),('A2319150304','P & A','Accessories','Mouse','AQ Gamers Ms','Plus 2'),('A2319150305','P & A','Accessories','Mouse','AQ Gamers Ms','Premium 1'),('A2319150306','P & A','Accessories','Mouse','AQ Gamers Ms','Premium 2'),('A2419150401','P & A','Accessories','Mouse','AQ Lite Ms','Standard 1'),('A2419150402','P & A','Accessories','Mouse','AQ Lite Ms','Standard 2'),('A2419150403','P & A','Accessories','Mouse','AQ Lite Ms','Plus 1'),('A2419150404','P & A','Accessories','Mouse','AQ Lite Ms','Plus 2'),('A2419150405','P & A','Accessories','Mouse','AQ Lite Ms','Premium 1'),('A2420150406','P & A','Accessories','Mouse','AQ Lite Ms','Premium 2'),('A2520150501','P & A','Accessories','Mouse','AQ Maxima Ms','Standard 1'),('A2520150502','P & A','Accessories','Mouse','AQ Maxima Ms','Standard 2'),('A2520150503','P & A','Accessories','Mouse','AQ Maxima Ms','Plus 1'),('A2520150504','P & A','Accessories','Mouse','AQ Maxima Ms','Plus 2'),('A2520150505','P & A','Accessories','Mouse','AQ Maxima Ms','Premium 1'),('A2520150506','P & A','Accessories','Mouse','AQ Maxima Ms','Premium 2'),('A2620150601','P & A','Accessories','Mouse','AQ Qwerty Ms','Standard 1'),('A2620150602','P & A','Accessories','Mouse','AQ Qwerty Ms','Standard 2'),('A2620150603','P & A','Accessories','Mouse','AQ Qwerty Ms','Plus 1'),('A2620150604','P & A','Accessories','Mouse','AQ Qwerty Ms','Plus 2'),('A2620150605','P & A','Accessories','Mouse','AQ Qwerty Ms','Premium 1'),('A2620150606','P & A','Accessories','Mouse','AQ Qwerty Ms','Premium 2'),('A2720150701','P & A','Accessories','Mouse','AQ Trigger Ms','Standard 1'),('A2721150702','P & A','Accessories','Mouse','AQ Trigger Ms','Standard 2'),('A2721150703','P & A','Accessories','Mouse','AQ Trigger Ms','Plus 1'),('A2721150704','P & A','Accessories','Mouse','AQ Trigger Ms','Plus 2'),('A2721150705','P & A','Accessories','Mouse','AQ Trigger Ms','Premium 1'),('A2721150706','P & A','Accessories','Mouse','AQ Trigger Ms','Premium 2'),('A2821150801','P & A','Accessories','Mouse','AQ Lumina Ms','Standard 1'),('A2821150802','P & A','Accessories','Mouse','AQ Lumina Ms','Standard 2'),('A2821150803','P & A','Accessories','Mouse','AQ Lumina Ms','Plus 1'),('A2821150804','P & A','Accessories','Mouse','AQ Lumina Ms','Plus 2'),('A2821150805','P & A','Accessories','Mouse','AQ Lumina Ms','Premium 1'),('A2821150806','P & A','Accessories','Mouse','AQ Lumina Ms','Premium 2'),('A2918150101','P & A','Accessories','Keyboard','AQ Master wired x1','Standard 1'),('A2918150102','P & A','Accessories','Keyboard','AQ Master wired x1','Standard 2'),('A2918150103','P & A','Accessories','Keyboard','AQ Master wired x1','Plus 1'),('A2918150104','P & A','Accessories','Keyboard','AQ Master wired x1','Plus 2'),('A2918150105','P & A','Accessories','Keyboard','AQ Master wired x1','Premium 1'),('A2918150106','P & A','Accessories','Keyboard','AQ Master wired x1','Premium 2'),('A3018150201','P & A','Accessories','Keyboard','AQ Master wireless x1','Standard 1'),('A3018150202','P & A','Accessories','Keyboard','AQ Master wireless x1','Standard 2'),('A3018150203','P & A','Accessories','Keyboard','AQ Master wireless x1','Plus 1'),('A3019150204','P & A','Accessories','Keyboard','AQ Master wireless x1','Plus 2'),('A3019150205','P & A','Accessories','Keyboard','AQ Master wireless x1','Premium 1'),('A3019150206','P & A','Accessories','Keyboard','AQ Master wireless x1','Premium 2'),('A3119150301','P & A','Accessories','Keyboard','AQ Gamers ','Standard 1'),('A3119150302','P & A','Accessories','Keyboard','AQ Gamers ','Standard 2'),('A3119150303','P & A','Accessories','Keyboard','AQ Gamers ','Plus 1'),('A3120150304','P & A','Accessories','Keyboard','AQ Gamers ','Plus 2'),('A3120150305','P & A','Accessories','Keyboard','AQ Gamers ','Premium 1'),('A3120150306','P & A','Accessories','Keyboard','AQ Gamers ','Premium 2'),('A3220150401','P & A','Accessories','Keyboard','AQ Lite','Standard 1'),('A3220150402','P & A','Accessories','Keyboard','AQ Lite','Standard 2'),('A3220150403','P & A','Accessories','Keyboard','AQ Lite','Plus 1'),('A3220150404','P & A','Accessories','Keyboard','AQ Lite','Plus 2'),('A3220150405','P & A','Accessories','Keyboard','AQ Lite','Premium 1'),('A3220150406','P & A','Accessories','Keyboard','AQ Lite','Premium 2'),('A3320150501','P & A','Accessories','Keyboard','AQ Maxima','Standard 1'),('A3320150502','P & A','Accessories','Keyboard','AQ Maxima','Standard 2'),('A3320150503','P & A','Accessories','Keyboard','AQ Maxima','Plus 1'),('A3320150504','P & A','Accessories','Keyboard','AQ Maxima','Plus 2'),('A3320150505','P & A','Accessories','Keyboard','AQ Maxima','Premium 1'),('A3320150506','P & A','Accessories','Keyboard','AQ Maxima','Premium 2'),('A3420150601','P & A','Accessories','Keyboard','AQ Qwerty','Standard 1'),('A3420150602','P & A','Accessories','Keyboard','AQ Qwerty','Standard 2'),('A3421150603','P & A','Accessories','Keyboard','AQ Qwerty','Plus 1'),('A3421150604','P & A','Accessories','Keyboard','AQ Qwerty','Plus 2'),('A3421150605','P & A','Accessories','Keyboard','AQ Qwerty','Premium 1'),('A3421150606','P & A','Accessories','Keyboard','AQ Qwerty','Premium 2'),('A3521150701','P & A','Accessories','Keyboard','AQ Trigger','Standard 1'),('A3521150702','P & A','Accessories','Keyboard','AQ Trigger','Standard 2'),('A3521150703','P & A','Accessories','Keyboard','AQ Trigger','Plus 1'),('A3521150704','P & A','Accessories','Keyboard','AQ Trigger','Plus 2'),('A3521150705','P & A','Accessories','Keyboard','AQ Trigger','Premium 1'),('A3521150706','P & A','Accessories','Keyboard','AQ Trigger','Premium 2'),('A3621150801','P & A','Accessories','Keyboard','AQ Lumina','Standard 1'),('A3621150802','P & A','Accessories','Keyboard','AQ Lumina','Standard 2'),('A3621150803','P & A','Accessories','Keyboard','AQ Lumina','Plus 1'),('A3621150804','P & A','Accessories','Keyboard','AQ Lumina','Plus 2'),('A3621150805','P & A','Accessories','Keyboard','AQ Lumina','Premium 1'),('A3621150806','P & A','Accessories','Keyboard','AQ Lumina','Premium 2'),('A3718150101','P & A','Accessories','Batteries','AQ LION x1','Standard'),('A3718150102','P & A','Accessories','Batteries','AQ LION x1','Plus 1 '),('A3718150103','P & A','Accessories','Batteries','AQ LION x1','Plus 2'),('A3718150104','P & A','Accessories','Batteries','AQ LION x1','Plus 3'),('A3718150105','P & A','Accessories','Batteries','AQ LION x1','Premium'),('A3818150201','P & A','Accessories','Batteries','AQ LION x2','Standard'),('A3818150202','P & A','Accessories','Batteries','AQ LION x2','Plus 1 '),('A3819150203','P & A','Accessories','Batteries','AQ LION x2','Plus 2'),('A3819150204','P & A','Accessories','Batteries','AQ LION x2','Plus 3'),('A3819150205','P & A','Accessories','Batteries','AQ LION x2','Premium'),('A3920150301','P & A','Accessories','Batteries','AQ LION x3','Standard'),('A3920150302','P & A','Accessories','Batteries','AQ LION x3','Plus 1 '),('A3920150303','P & A','Accessories','Batteries','AQ LION x3','Plus 2'),('A3920150304','P & A','Accessories','Batteries','AQ LION x3','Plus 3'),('A3920150305','P & A','Accessories','Batteries','AQ LION x3','Premium'),('A4020150401','P & A','Accessories','Batteries','AQ Mx NB','Standard'),('A4020150402','P & A','Accessories','Batteries','AQ Mx NB','Plus 1 '),('A4021150403','P & A','Accessories','Batteries','AQ Mx NB','Plus 2'),('A4021150404','P & A','Accessories','Batteries','AQ Mx NB','Plus 3'),('A4021150405','P & A','Accessories','Batteries','AQ Mx NB','Premium'),('A4118110101','PC','Notebook','Personal Laptop','AQ Aspiron','Standard Grey'),('A4118110102','PC','Notebook','Personal Laptop','AQ Aspiron','Standard Blue'),('A4118110103','PC','Notebook','Personal Laptop','AQ Aspiron','Standard Red'),('A4118110104','PC','Notebook','Personal Laptop','AQ Aspiron','Plus Grey'),('A4118110105','PC','Notebook','Personal Laptop','AQ Aspiron','Plus Blue'),('A4118110106','PC','Notebook','Personal Laptop','AQ Aspiron','Plus Red'),('A4118110107','PC','Notebook','Personal Laptop','AQ Aspiron','Premium Black'),('A4218110201','PC','Notebook','Personal Laptop','AQ Digit','Standard Grey'),('A4218110202','PC','Notebook','Personal Laptop','AQ Digit','Standard Blue'),('A4218110203','PC','Notebook','Personal Laptop','AQ Digit','Standard Red'),('A4218110204','PC','Notebook','Personal Laptop','AQ Digit','Plus Grey'),('A4218110205','PC','Notebook','Personal Laptop','AQ Digit','Plus Blue'),('A4218110206','PC','Notebook','Personal Laptop','AQ Digit','Plus Red'),('A4218110207','PC','Notebook','Personal Laptop','AQ Digit','Premium Black'),('A4218110208','PC','Notebook','Personal Laptop','AQ Digit','Premium Misty Green'),('A4318110301','PC','Notebook','Personal Laptop','AQ Velocity','Standard Grey'),('A4319110302','PC','Notebook','Personal Laptop','AQ Velocity','Standard Blue'),('A4319110303','PC','Notebook','Personal Laptop','AQ Velocity','Standard Red'),('A4319110304','PC','Notebook','Personal Laptop','AQ Velocity','Plus Grey'),('A4319110305','PC','Notebook','Personal Laptop','AQ Velocity','Plus Blue'),('A4319110306','PC','Notebook','Personal Laptop','AQ Velocity','Plus Red'),('A4419110401','PC','Notebook','Personal Laptop','AQ Elite','Standard Grey'),('A4419110402','PC','Notebook','Personal Laptop','AQ Elite','Standard Blue'),('A4419110403','PC','Notebook','Personal Laptop','AQ Elite','Standard Red'),('A4419110404','PC','Notebook','Personal Laptop','AQ Elite','Plus Grey'),('A4419110405','PC','Notebook','Personal Laptop','AQ Elite','Plus Blue'),('A4419110406','PC','Notebook','Personal Laptop','AQ Elite','Plus Red'),('A4419110407','PC','Notebook','Personal Laptop','AQ Elite','Premium Black'),('A4419110408','PC','Notebook','Personal Laptop','AQ Elite','Premium Misty Green'),('A4519110501','PC','Notebook','Personal Laptop','AQ Gen X','Standard Grey'),('A4519110502','PC','Notebook','Personal Laptop','AQ Gen X','Standard Blue'),('A4519110503','PC','Notebook','Personal Laptop','AQ Gen X','Standard Red'),('A4520110504','PC','Notebook','Personal Laptop','AQ Gen X','Plus Grey'),('A4520110505','PC','Notebook','Personal Laptop','AQ Gen X','Plus Blue'),('A4520110506','PC','Notebook','Personal Laptop','AQ Gen X','Plus Red'),('A4520110507','PC','Notebook','Personal Laptop','AQ Gen X','Premium Black'),('A4520110508','PC','Notebook','Personal Laptop','AQ Gen X','Premium Misty Green'),('A4620110601','PC','Notebook','Personal Laptop','AQ Gen Y','Standard Grey'),('A4620110602','PC','Notebook','Personal Laptop','AQ Gen Y','Standard Blue'),('A4620110603','PC','Notebook','Personal Laptop','AQ Gen Y','Standard Red'),('A4620110604','PC','Notebook','Personal Laptop','AQ Gen Y','Plus Grey'),('A4620110605','PC','Notebook','Personal Laptop','AQ Gen Y','Plus Blue'),('A4620110606','PC','Notebook','Personal Laptop','AQ Gen Y','Plus Red'),('A4620110607','PC','Notebook','Personal Laptop','AQ Gen Y','Premium Black'),('A4620110608','PC','Notebook','Personal Laptop','AQ Gen Y','Premium Misty Green'),('A4720110701','PC','Notebook','Personal Laptop','AQ GEN Z','Standard Grey'),('A4720110702','PC','Notebook','Personal Laptop','AQ GEN Z','Standard Blue'),('A4721110703','PC','Notebook','Personal Laptop','AQ GEN Z','Standard Red'),('A4721110704','PC','Notebook','Personal Laptop','AQ GEN Z','Plus Grey'),('A4721110705','PC','Notebook','Personal Laptop','AQ GEN Z','Plus Blue'),('A4721110706','PC','Notebook','Personal Laptop','AQ GEN Z','Plus Red'),('A4721110707','PC','Notebook','Personal Laptop','AQ GEN Z','Premium Black'),('A4721110708','PC','Notebook','Personal Laptop','AQ GEN Z','Premium Misty Green'),('A4821110801','PC','Notebook','Personal Laptop','AQ F16','Standard Grey'),('A4821110802','PC','Notebook','Personal Laptop','AQ F16','Standard Blue'),('A4821110803','PC','Notebook','Personal Laptop','AQ F16','Standard Red'),('A4821110804','PC','Notebook','Personal Laptop','AQ F16','Plus Grey'),('A4821110805','PC','Notebook','Personal Laptop','AQ F16','Plus Blue'),('A4821110806','PC','Notebook','Personal Laptop','AQ F16','Plus Red'),('A4821110807','PC','Notebook','Personal Laptop','AQ F16','Premium Black'),('A4821110808','PC','Notebook','Personal Laptop','AQ F16','Premium Misty Green'),('A4918110101','PC','Notebook','Business Laptop','AQ BZ 101','Standard Grey'),('A4918110102','PC','Notebook','Business Laptop','AQ BZ 101','Standard Blue'),('A4918110103','PC','Notebook','Business Laptop','AQ BZ 101','Premium Black'),('A4918110104','PC','Notebook','Business Laptop','AQ BZ 101','Premium Misty Green'),('A5018110201','PC','Notebook','Business Laptop','AQ BZ Compact','Standard Grey'),('A5018110202','PC','Notebook','Business Laptop','AQ BZ Compact','Standard Blue'),('A5018110203','PC','Notebook','Business Laptop','AQ BZ Compact','Standard Red'),('A5018110204','PC','Notebook','Business Laptop','AQ BZ Compact','Plus Grey'),('A5018110205','PC','Notebook','Business Laptop','AQ BZ Compact','Plus Blue'),('A5018110206','PC','Notebook','Business Laptop','AQ BZ Compact','Plus Red'),('A5018110207','PC','Notebook','Business Laptop','AQ BZ Compact','Premium Black'),('A5019110208','PC','Notebook','Business Laptop','AQ BZ Compact','Premium Misty Green'),('A5119110301','PC','Notebook','Business Laptop','AQ BZ Gen Y','Standard Grey'),('A5119110302','PC','Notebook','Business Laptop','AQ BZ Gen Y','Standard Blue'),('A5119110303','PC','Notebook','Business Laptop','AQ BZ Gen Y','Standard Red'),('A5119110304','PC','Notebook','Business Laptop','AQ BZ Gen Y','Plus Grey'),('A5119110305','PC','Notebook','Business Laptop','AQ BZ Gen Y','Plus Blue'),('A5119110306','PC','Notebook','Business Laptop','AQ BZ Gen Y','Plus Red'),('A5119110307','PC','Notebook','Business Laptop','AQ BZ Gen Y','Premium Black'),('A5119110308','PC','Notebook','Business Laptop','AQ BZ Gen Y','Premium Misty Green'),('A5219110401','PC','Notebook','Business Laptop','AQ BZ Gen Z','Standard Grey'),('A5219110402','PC','Notebook','Business Laptop','AQ BZ Gen Z','Standard Blue'),('A5219110403','PC','Notebook','Business Laptop','AQ BZ Gen Z','Standard Red'),('A5219110404','PC','Notebook','Business Laptop','AQ BZ Gen Z','Plus Grey'),('A5219110405','PC','Notebook','Business Laptop','AQ BZ Gen Z','Plus Blue'),('A5219110406','PC','Notebook','Business Laptop','AQ BZ Gen Z','Plus Red'),('A5219110407','PC','Notebook','Business Laptop','AQ BZ Gen Z','Premium Black'),('A5220110408','PC','Notebook','Business Laptop','AQ BZ Gen Z','Premium Misty Green'),('A5318110101','PC','Notebook','Gaming Laptop','AQ Gamer 1','Standard Firey Red'),('A5318110102','PC','Notebook','Gaming Laptop','AQ Gamer 1','Standard Cool Blue'),('A5318110103','PC','Notebook','Gaming Laptop','AQ Gamer 1','Standard Black'),('A5318110104','PC','Notebook','Gaming Laptop','AQ Gamer 1','Plus Firey Red'),('A5318110105','PC','Notebook','Gaming Laptop','AQ Gamer 1','Plus Cool Blue'),('A5318110106','PC','Notebook','Gaming Laptop','AQ Gamer 1','Plus Black'),('A5318110107','PC','Notebook','Gaming Laptop','AQ Gamer 1','Premium Black'),('A5318110108','PC','Notebook','Gaming Laptop','AQ Gamer 1','Premium Misty Green'),('A5419110201','PC','Notebook','Gaming Laptop','AQ Gamer 2','Standard Firey Red'),('A5419110202','PC','Notebook','Gaming Laptop','AQ Gamer 2','Standard Cool Blue'),('A5419110203','PC','Notebook','Gaming Laptop','AQ Gamer 2','Standard Black'),('A5419110204','PC','Notebook','Gaming Laptop','AQ Gamer 2','Plus Firey Red'),('A5419110205','PC','Notebook','Gaming Laptop','AQ Gamer 2','Plus Cool Blue'),('A5419110206','PC','Notebook','Gaming Laptop','AQ Gamer 2','Plus Black'),('A5419110207','PC','Notebook','Gaming Laptop','AQ Gamer 2','Premium Black'),('A5419110208','PC','Notebook','Gaming Laptop','AQ Gamer 2','Premium Misty Green'),('A5519110301','PC','Notebook','Gaming Laptop','AQ Gamer 3','Standard Firey Red'),('A5519110302','PC','Notebook','Gaming Laptop','AQ Gamer 3','Standard Cool Blue'),('A5519110303','PC','Notebook','Gaming Laptop','AQ Gamer 3','Standard Black'),('A5519110304','PC','Notebook','Gaming Laptop','AQ Gamer 3','Plus Firey Red'),('A5520110305','PC','Notebook','Gaming Laptop','AQ Gamer 3','Plus Cool Blue'),('A5520110306','PC','Notebook','Gaming Laptop','AQ Gamer 3','Plus Black'),('A5520110307','PC','Notebook','Gaming Laptop','AQ Gamer 3','Premium Black'),('A5520110308','PC','Notebook','Gaming Laptop','AQ Gamer 3','Premium Misty Green'),('A5620110401','PC','Notebook','Gaming Laptop','AQ Smash 1','Standard Firey Red'),('A5620110402','PC','Notebook','Gaming Laptop','AQ Smash 1','Standard Cool Blue'),('A5621110403','PC','Notebook','Gaming Laptop','AQ Smash 1','Standard Black'),('A5621110404','PC','Notebook','Gaming Laptop','AQ Smash 1','Plus Firey Red'),('A5621110405','PC','Notebook','Gaming Laptop','AQ Smash 1','Plus Cool Blue'),('A5621110406','PC','Notebook','Gaming Laptop','AQ Smash 1','Plus Black'),('A5621110407','PC','Notebook','Gaming Laptop','AQ Smash 1','Premium Black'),('A5621110408','PC','Notebook','Gaming Laptop','AQ Smash 1','Premium Misty Green'),('A5721110501','PC','Notebook','Gaming Laptop','AQ Smash 2','Standard Firey Red'),('A5721110502','PC','Notebook','Gaming Laptop','AQ Smash 2','Standard Cool Blue'),('A5721110503','PC','Notebook','Gaming Laptop','AQ Smash 2','Standard Black'),('A5721110504','PC','Notebook','Gaming Laptop','AQ Smash 2','Plus Firey Red'),('A5721110505','PC','Notebook','Gaming Laptop','AQ Smash 2','Plus Cool Blue'),('A5721110506','PC','Notebook','Gaming Laptop','AQ Smash 2','Plus Black'),('A5721110507','PC','Notebook','Gaming Laptop','AQ Smash 2','Premium Black'),('A5721110508','PC','Notebook','Gaming Laptop','AQ Smash 2','Premium Misty Green'),('A5820110101','PC','Desktop','Business Laptop','AQ BZ Allin1','Standard 1'),('A5820110102','PC','Desktop','Business Laptop','AQ BZ Allin1','Standard 2'),('A5820110103','PC','Desktop','Business Laptop','AQ BZ Allin1','Standard 3'),('A5820110104','PC','Desktop','Business Laptop','AQ BZ Allin1','Plus 1'),('A5820110105','PC','Desktop','Business Laptop','AQ BZ Allin1','Plus 2'),('A5820110106','PC','Desktop','Business Laptop','AQ BZ Allin1','Plus 3'),('A5820110107','PC','Desktop','Business Laptop','AQ BZ Allin1','Premium 1'),('A5821110108','PC','Desktop','Business Laptop','AQ BZ Allin1','Premium 2'),('A5921110201','PC','Desktop','Business Laptop','AQ BZ Allin1 Gen 2','Standard 1'),('A5921110202','PC','Desktop','Business Laptop','AQ BZ Allin1 Gen 2','Standard 2'),('A5921110203','PC','Desktop','Business Laptop','AQ BZ Allin1 Gen 2','Standard 3'),('A5921110204','PC','Desktop','Business Laptop','AQ BZ Allin1 Gen 2','Plus 1'),('A5921110205','PC','Desktop','Business Laptop','AQ BZ Allin1 Gen 2','Plus 2'),('A5921110206','PC','Desktop','Business Laptop','AQ BZ Allin1 Gen 2','Plus 3'),('A5921110207','PC','Desktop','Business Laptop','AQ BZ Allin1 Gen 2','Premium 1'),('A5921110208','PC','Desktop','Business Laptop','AQ BZ Allin1 Gen 2','Premium 2'),('A6018110101','PC','Desktop','Personal Desktop','AQ Home Allin1','Standard 1'),('A6018110102','PC','Desktop','Personal Desktop','AQ Home Allin1','Standard 2'),('A6018110103','PC','Desktop','Personal Desktop','AQ Home Allin1','Standard 3'),('A6018110104','PC','Desktop','Personal Desktop','AQ Home Allin1','Plus 1'),('A6018110105','PC','Desktop','Personal Desktop','AQ Home Allin1','Plus 2'),('A6018110106','PC','Desktop','Personal Desktop','AQ Home Allin1','Plus 3'),('A6019110107','PC','Desktop','Personal Desktop','AQ Home Allin1','Premium 1'),('A6019110108','PC','Desktop','Personal Desktop','AQ Home Allin1','Premium 2'),('A6119110201','PC','Desktop','Personal Desktop','AQ HOME Allin1 Gen 2','Standard 1'),('A6119110202','PC','Desktop','Personal Desktop','AQ HOME Allin1 Gen 2','Standard 2'),('A6119110203','PC','Desktop','Personal Desktop','AQ HOME Allin1 Gen 2','Standard 3'),('A6119110204','PC','Desktop','Personal Desktop','AQ HOME Allin1 Gen 2','Plus 1'),('A6120110205','PC','Desktop','Personal Desktop','AQ HOME Allin1 Gen 2','Plus 2'),('A6120110206','PC','Desktop','Personal Desktop','AQ HOME Allin1 Gen 2','Plus 3'),('A6120110207','PC','Desktop','Personal Desktop','AQ HOME Allin1 Gen 2','Premium 1'),('A6121110208','PC','Desktop','Personal Desktop','AQ HOME Allin1 Gen 2','Premium 2'),('A6218160101','N & S','Storage','External Solid State Drives','AQ Digit SSD','Standard'),('A6218160102','N & S','Storage','External Solid State Drives','AQ Digit SSD','Plus'),('A6219160103','N & S','Storage','External Solid State Drives','AQ Digit SSD','Premium'),('A6319160201','N & S','Storage','External Solid State Drives','AQ Neuer SSD','Standard'),('A6319160202','N & S','Storage','External Solid State Drives','AQ Neuer SSD','Plus'),('A6319160203','N & S','Storage','External Solid State Drives','AQ Neuer SSD','Premium'),('A6419160301','N & S','Storage','External Solid State Drives','AQ Clx1','Standard'),('A6419160302','N & S','Storage','External Solid State Drives','AQ Clx1','Plus'),('A6419160303','N & S','Storage','External Solid State Drives','AQ Clx1','Premium'),('A6519160401','N & S','Storage','External Solid State Drives','AQ Clx2','Standard'),('A6520160402','N & S','Storage','External Solid State Drives','AQ Clx2','Plus'),('A6520160403','N & S','Storage','External Solid State Drives','AQ Clx2','Premium'),('A6620160501','N & S','Storage','External Solid State Drives','AQ Clx3','Standard'),('A6620160502','N & S','Storage','External Solid State Drives','AQ Clx3','Plus'),('A6621160503','N & S','Storage','External Solid State Drives','AQ Clx3','Premium'),('A6719160101','N & S','Storage','USB Flash Drives','AQ Pen Drive 2 IN 1','Standard'),('A6718160102','N & S','Storage','USB Flash Drives','AQ Pen Drive 2 IN 1','Plus'),('A6720160103','N & S','Storage','USB Flash Drives','AQ Pen Drive 2 IN 1','Premium'),('A6818160201','N & S','Storage','USB Flash Drives','AQ Pen Drive DRC','Standard'),('A6818160202','N & S','Storage','USB Flash Drives','AQ Pen Drive DRC','Plus'),('A6819160203','N & S','Storage','USB Flash Drives','AQ Pen Drive DRC','Premium'),('A6921160301','N & S','Storage','USB Flash Drives','AQ Ultra Dual 2.0','Standard'),('A6919160302','N & S','Storage','USB Flash Drives','AQ Ultra Dual 2.0','Plus'),('A6918160303','N & S','Storage','USB Flash Drives','AQ Ultra Dual 2.0','Premium'),('A7019160401','N & S','Storage','USB Flash Drives','AQ Ultra Dual 3.0','Standard'),('A7018160402','N & S','Storage','USB Flash Drives','AQ Ultra Dual 3.0','Plus'),('A7020160403','N & S','Storage','USB Flash Drives','AQ Ultra Dual 3.0','Premium'),('A7118160101','N & S','Networking','Wi fi extender','AQ Wi Power Dx1','Standard'),('A7119160102','N & S','Networking','Wi fi extender','AQ Wi Power Dx1','Plus'),('A7119160103','N & S','Networking','Wi fi extender','AQ Wi Power Dx1','Premium'),('A7219160201','N & S','Networking','Wi fi extender','AQ Wi Power Dx2','Standard'),('A7220160202','N & S','Networking','Wi fi extender','AQ Wi Power Dx2','Plus'),('A7220160203','N & S','Networking','Wi fi extender','AQ Wi Power Dx2','Premium'),('A7321160301','N & S','Networking','Wi fi extender','AQ Wi Power Dx3','Standard'),('A7321160302','N & S','Networking','Wi fi extender','AQ Wi Power Dx3','Plus'),('A7321160303','N & S','Networking','Wi fi extender','AQ Wi Power Dx3','Premium');
/*!40000 ALTER TABLE `dim_product` ENABLE KEYS */;
UNLOCK TABLES;

--
-- Table structure for table `fact_forecast_monthly`
--

DROP TABLE IF EXISTS `fact_forecast_monthly`;
/*!40101 SET @saved_cs_client     = @@character_set_client */;
/*!50503 SET character_set_client = utf8mb4 */;
CREATE TABLE `fact_forecast_monthly` (
  `date` datetime NOT NULL,
  `division` varchar(255) NOT NULL,
  `category` varchar(255) NOT NULL,
  `product_code` varchar(255) NOT NULL,
  `product` varchar(255) NOT NULL,
  `market` varchar(255) NOT NULL,
  `platform` varchar(255) NOT NULL,
  `channel` varchar(255) NOT NULL,
  `customer_code` varchar(255) NOT NULL,
  `customer_name` varchar(255) NOT NULL,
  `forecast_quantity` int NOT NULL
) ENGINE=InnoDB DEFAULT CHARSET=latin1;
/*!40101 SET character_set_client = @saved_cs_client */;

--
-- Dumping data for table `fact_forecast_monthly`
--

LOCK TABLES `fact_forecast_monthly` WRITE;
/*!40000 ALTER TABLE `fact_forecast_monthly` DISABLE KEYS */;
/*!40000 ALTER TABLE `fact_forecast_monthly` ENABLE KEYS */;
UNLOCK TABLES;
/*!40103 SET TIME_ZONE=@OLD_TIME_ZONE */;

/*!40101 SET SQL_MODE=@OLD_SQL_MODE */;
/*!40014 SET FOREIGN_KEY_CHECKS=@OLD_FOREIGN_KEY_CHECKS */;
/*!40014 SET UNIQUE_CHECKS=@OLD_UNIQUE_CHECKS */;
/*!40101 SET CHARACTER_SET_CLIENT=@OLD_CHARACTER_SET_CLIENT */;
/*!40101 SET CHARACTER_SET_RESULTS=@OLD_CHARACTER_SET_RESULTS */;
/*!40101 SET COLLATION_CONNECTION=@OLD_COLLATION_CONNECTION */;
/*!40111 SET SQL_NOTES=@OLD_SQL_NOTES */;

-- Dump completed on 2025-12-15 21:35:15
